,X,Y,X,Y,X,Y,X,Y,I,J,I,J,I,J,I,J
0,1214,1931,1188,1868,1166,1750,1191,1903,1109,1931,1136,1866,1162,1750,1127,1906
1,1219,1745,1189,1728,1173,1570,1197,1752,1103,1738,1132,1735,1152,1573,1115,1749
2,1215,1804,1188,1772,1167,1626,1193,1789,1108,1800,1135,1777,1157,1627,1123,1788
3,1172,1570,1142,1544,1128,1397,1151,1586,1057,1567,1078,1552,1103,1401,1076,1584
4,1221,1689,1191,1671,1174,1515,1198,1704,1102,1683,1131,1679,1150,1519,1114,1702
5,1221,1618,1191,1597,1174,1446,1197,1637,1103,1613,1129,1603,1149,1449,1116,1635
6,1220,1450,1191,1420,1174,1275,1191,1470,1106,1450,1126,1425,1149,1278,1124,1469
7,798,1434,769,1391,761,1244,820,1424,704,1448,705,1415,748,1265,777,1425
8,1222,1327,1191,1299,1176,1113,1187,1375,1107,1327,1121,1303,1148,1116,1126,1372
9,1225,1253,1193,1227,1179,1032,1186,1315,1107,1254,1118,1230,1148,1036,1126,1311
10,1231,954,1201,924,1184,759,1183,1014,1109,974,1114,920,1148,773,1132,1011
11,1214,1958,1187,1892,1165,1778,1191,1926,1109,1959,1137,1890,1163,1777,1129,1928
12,1213,1979,1187,1907,1164,1803,1191,1941,1110,1979,1138,1905,1164,1801,1130,1942
13,1211,1988,1187,1908,1164,1817,1190,1945,1111,1988,1139,1906,1165,1813,1131,1945
14,1213,1997,1185,2001,1165,1852,1191,1952,1111,1999,1140,2001,1166,1857,1132,1952
15,1213,2019,1185,2023,1164,1882,1192,1971,1111,2021,1141,2023,1166,1886,1131,1971
16,1212,2048,1184,2051,1164,1918,1192,1996,1111,2050,1141,2051,1166,1922,1131,1994
17,1210,2080,1183,2083,1163,1952,1192,2022,1112,2082,1142,2084,1167,1956,1132,2019
18,1205,2136,1179,2139,1160,1986,1191,2065,1113,2135,1143,2140,1168,1990,1133,2061
19,1217,1774,1189,1755,1170,1597,1196,1772,1105,1767,1133,1762,1154,1599,1117,1770
20,1170,1770,1133,1744,1128,1593,1150,1762,1061,1766,1078,1753,1113,1597,1077,1760
21,606,1214,574,1172,579,1001,625,1209,529,1245,513,1199,584,1033,617,1213
22,962,1488,941,1438,922,1306,969,1469,865,1496,880,1452,911,1318,922,1468
23,905,1492,883,1440,866,1310,919,1472,809,1501,822,1457,855,1324,873,1472
24,851,1487,826,1436,814,1303,870,1470,757,1498,765,1455,803,1319,825,1470
25,779,1455,745,1407,744,1261,802,1441,688,1469,682,1432,734,1281,761,1442
26,1011,1474,988,1428,969,1292,1009,1459,912,1480,926,1440,957,1302,961,1458
27,895,1354,860,1317,854,1133,896,1377,794,1366,790,1336,833,1150,850,1376
28,954,1360,921,1322,915,1144,949,1379,852,1369,852,1338,895,1158,902,1378
29,839,1359,802,1322,796,1138,849,1380,740,1372,732,1344,777,1157,803,1380
30,800,1374,762,1337,757,1159,816,1389,703,1389,693,1361,740,1180,772,1388
31,735,1489,700,1436,704,1295,761,1471,648,1504,641,1460,698,1316,723,1472
32,997,2227,952,2204,971,2031,1007,2139,912,2222,924,2211,982,2036,954,2130
33,780,1419,747,1381,743,1224,801,1412,687,1435,682,1407,730,1245,758,1414
34,577,1459,541,1410,556,1247,606,1425,508,1481,492,1438,566,1274,595,1427
35,675,1450,639,1405,648,1245,700,1438,591,1467,581,1432,645,1269,669,1439
36,933,1708,876,1645,901,1528,940,1680,837,1712,819,1660,890,1537,884,1680
37,1151,1923,1097,1855,1110,1741,1134,1894,1047,1924,1044,1857,1103,1745,1070,1897
38,1159,1978,1102,1901,1119,1803,1143,1939,1058,1980,1052,1901,1117,1803,1083,1940
39,1085,1942,1005,1857,1052,1764,1077,1904,985,1944,951,1861,1047,1767,1016,1907
40,1042,1967,945,1862,1016,1791,1039,1919,945,1970,893,1868,1013,1793,982,1921
41,1112,1983,1035,1894,1080,1810,1102,1938,1014,1985,984,1896,1078,1811,1043,1940
42,1074,1990,983,1889,1049,1819,1068,1939,978,1993,932,1893,1049,1820,1012,1940
43,969,2051,882,1959,946,1880,976,1982,879,2054,838,1966,949,1882,924,1980
44,1174,1743,1140,1724,1131,1567,1157,1749,1059,1738,1083,1734,1110,1572,1075,1746
45,1168,1690,1135,1669,1125,1516,1150,1703,1051,1685,1075,1679,1100,1521,1067,1701
46,710,1310,677,1278,677,1082,734,1346,616,1327,608,1307,662,1105,697,1346
47,1044,1572,1009,1526,1003,1393,1036,1559,942,1575,949,1536,989,1400,980,1559
48,1047,1733,995,1685,1017,1558,1039,1720,942,1733,936,1697,1000,1564,970,1718
49,1042,1705,991,1655,1010,1530,1034,1692,937,1706,932,1667,994,1537,968,1691
50,757,1705,692,1626,735,1522,786,1669,671,1714,637,1647,729,1536,739,1669
51,1170,1624,1139,1600,1126,1451,1151,1640,1053,1620,1076,1609,1101,1455,1071,1638
52,850,1261,819,1233,804,1025,861,1323,743,1273,744,1257,775,1043,812,1322
53,767,1273,735,1244,729,1040,786,1326,666,1289,662,1272,706,1060,743,1326
54,662,1112,631,1076,631,901,674,1133,574,1143,560,1102,623,935,658,1137
55,1101,1317,1071,1289,1047,1095,1085,1370,987,1319,998,1300,1018,1103,1027,1367
56,1006,1377,975,1338,967,1171,996,1388,904,1385,907,1352,948,1183,949,1387
57,928,2001,832,1886,913,1827,937,1939,838,2005,785,1894,914,1830,885,1938
58,632,1973,590,1922,636,1742,662,1867,582,1980,572,1939,665,1758,656,1864
59,1088,1763,1037,1717,1056,1587,1075,1746,983,1762,981,1727,1042,1591,1007,1744
60,1135,1779,1089,1739,1099,1604,1117,1762,1030,1777,1034,1747,1085,1607,1048,1761
61,996,2001,877,1881,978,1835,997,1941,903,2006,826,1888,979,1837,945,1941
62,1020,1996,908,1886,1005,1832,1019,1937,927,2001,858,1892,1007,1834,966,1938
63,736,1232,705,1204,700,998,756,1289,637,1250,632,1233,678,1020,718,1290
64,1046,1758,989,1702,1018,1584,1037,1737,944,1759,932,1712,1004,1589,972,1735
65,959,1272,929,1245,906,1039,961,1335,847,1280,854,1264,874,1053,906,1333
66,951,1223,921,1196,899,991,951,1292,837,1232,842,1216,865,1006,896,1291
67,895,979,863,947,855,777,882,1034,785,1007,776,962,824,805,841,1036
68,701,1168,671,1137,666,950,718,1206,607,1193,598,1164,650,978,690,1209
69,930,1094,900,1064,884,884,923,1155,817,1113,816,1081,851,906,874,1155
70,676,1282,643,1250,645,1054,701,1317,585,1303,576,1279,633,1078,669,1318
71,642,1249,610,1213,612,1031,664,1264,557,1275,545,1241,608,1060,643,1266
72,1154,1955,1098,1884,1114,1775,1138,1922,1052,1957,1046,1884,1109,1777,1076,1924
73,1101,1967,1021,1879,1067,1790,1091,1926,1001,1969,969,1883,1063,1792,1031,1928
74,1058,1979,964,1876,1032,1806,1054,1931,962,1982,912,1880,1030,1807,997,1932
75,1103,1773,1051,1726,1071,1597,1088,1754,1000,1772,995,1735,1057,1601,1021,1752
76,1009,1999,891,1883,992,1835,1009,1940,916,2004,841,1889,993,1837,956,1940
77,1030,2005,926,1928,1006,1848,1029,1948,935,2010,878,1934,1006,1851,975,1947
78,1025,1993,918,1889,1010,1826,1023,1933,933,1997,870,1894,1012,1828,971,1934
79,1115,1742,1073,1713,1078,1565,1101,1737,1006,1739,1015,1724,1060,1571,1027,1735
80,1084,1987,994,1884,1061,1818,1077,1935,990,1990,944,1887,1062,1818,1022,1936
81,1122,1986,1046,1892,1091,1816,1111,1938,1026,1988,996,1894,1090,1816,1054,1939
82,1165,1986,1109,1902,1125,1815,1149,1942,1067,1988,1060,1902,1125,1814,1091,1943
83,1136,2134,1085,2129,1094,1981,1129,2062,1044,2133,1049,2132,1100,1985,1072,2058
84,1147,2075,1093,2070,1100,1944,1137,2017,1049,2077,1051,2074,1102,1949,1076,2014
85,1152,2042,1098,2038,1105,1909,1140,1990,1052,2045,1053,2042,1105,1915,1079,1988
86,1157,2013,1102,2011,1112,1873,1143,1966,1056,2017,1057,2014,1111,1879,1082,1966
87,1162,1995,1109,1993,1119,1849,1146,1949,1061,1998,1063,1995,1118,1855,1087,1950
88,1077,1994,992,1951,1049,1840,1071,1941,980,1998,946,1956,1049,1845,1015,1942
89,1069,2000,981,1956,1039,1849,1065,1948,972,2004,934,1962,1039,1854,1008,1947
90,1058,2015,967,1968,1025,1866,1055,1960,961,2019,920,1975,1024,1870,998,1959
91,1046,2034,956,1986,1011,1885,1046,1976,950,2038,910,1993,1012,1889,989,1974
92,991,1904,904,1818,968,1726,992,1860,895,1906,851,1827,961,1731,933,1861
93,571,1703,536,1650,565,1476,602,1622,520,1720,508,1673,593,1498,606,1622
94,1215,1785,1188,1763,1169,1607,1194,1777,1106,1780,1134,1770,1155,1610,1120,1775
95,1052,1995,958,1929,1031,1836,1048,1939,958,1999,912,1934,1032,1839,995,1939
96,1043,1998,942,1926,1020,1841,1040,1942,947,2002,894,1931,1021,1844,986,1942
97,1152,1804,1109,1764,1113,1627,1133,1784,1046,1802,1054,1771,1101,1630,1065,1784
98,1066,1792,1005,1730,1036,1618,1055,1764,966,1793,949,1739,1025,1621,992,1763
99,1144,1792,1100,1752,1106,1616,1126,1774,1039,1790,1045,1760,1094,1619,1057,1773
100,983,1604,944,1548,945,1424,985,1584,885,1609,884,1560,934,1432,932,1584
101,890,1641,841,1574,856,1460,903,1616,795,1648,782,1590,846,1471,851,1616
102,1033,1730,979,1673,1003,1555,1026,1710,931,1731,921,1684,989,1561,963,1709
103,753,1032,722,999,717,825,756,1073,655,1063,642,1021,697,857,728,1077
104,792,1113,763,1085,750,897,802,1168,688,1137,684,1108,724,923,763,1170
105,831,1211,801,1185,786,977,843,1278,723,1225,724,1209,756,996,796,1278
106,1012,2083,933,2026,981,1918,1016,2013,921,2084,892,2033,985,1920,963,2009
107,1085,1241,1054,1214,1033,1017,1068,1307,968,1245,977,1226,999,1026,1009,1304
108,1070,1092,1039,1061,1023,892,1046,1152,952,1108,955,1070,988,908,991,1150
109,1050,956,1018,925,1006,759,1020,1016,932,981,928,931,971,781,971,1015
110,805,1476,775,1425,769,1288,827,1460,712,1489,713,1448,758,1306,784,1461
111,677,1528,639,1468,650,1334,706,1503,593,1544,583,1494,648,1356,672,1505
112,1043,1459,1017,1416,1001,1276,1035,1448,943,1465,954,1427,987,1285,986,1448
113,735,1384,700,1348,701,1173,757,1392,643,1401,634,1375,689,1196,719,1393
114,1085,1536,1053,1497,1042,1358,1071,1532,981,1538,991,1506,1025,1364,1013,1531
115,1079,1711,1036,1676,1044,1535,1068,1709,970,1709,976,1688,1024,1542,995,1706
116,619,1565,577,1504,597,1365,652,1531,541,1581,526,1531,600,1389,624,1532
117,715,1569,676,1500,685,1380,744,1543,628,1582,619,1524,680,1399,704,1544
118,788,1591,749,1519,755,1407,812,1566,697,1602,691,1539,748,1422,767,1567
119,897,1583,861,1520,860,1400,910,1560,801,1590,802,1535,851,1412,861,1560
120,977,1560,947,1506,937,1378,981,1540,879,1566,887,1519,926,1388,930,1540
121,1039,1533,1009,1487,996,1353,1031,1520,938,1538,948,1497,982,1361,979,1519
122,1165,1464,1135,1433,1120,1288,1141,1480,1053,1465,1069,1440,1097,1293,1075,1479
123,627,1683,570,1609,611,1486,664,1636,552,1696,522,1636,614,1506,631,1636
124,689,1374,655,1338,659,1158,713,1385,600,1392,592,1366,651,1182,680,1386
125,1191,1771,1159,1751,1147,1594,1171,1769,1079,1765,1103,1759,1129,1598,1093,1767
126,1053,1624,1011,1577,1014,1446,1044,1611,951,1626,951,1587,1000,1453,985,1610
127,561,1456,528,1404,542,1235,588,1405,502,1481,487,1430,564,1263,594,1408
128,1084,1503,1054,1462,1040,1323,1070,1498,981,1507,991,1471,1024,1330,1015,1497
129,1027,1735,970,1673,997,1560,1021,1709,928,1737,913,1683,986,1565,962,1708
130,763,1424,727,1383,726,1223,785,1417,672,1440,663,1408,715,1245,745,1418
131,1076,1678,1033,1639,1039,1502,1065,1675,968,1677,972,1650,1020,1508,994,1673
132,591,1836,553,1782,590,1606,623,1741,541,1848,530,1802,618,1624,623,1740
133,1044,1438,1014,1399,1003,1254,1033,1430,944,1444,950,1410,987,1264,984,1430
134,1122,1645,1086,1615,1080,1470,1106,1653,1008,1642,1024,1626,1057,1476,1030,1651
135,756,2106,706,2049,758,1895,783,2012,688,2106,681,2064,771,1906,750,2006
136,755,2163,719,2120,757,1939,782,2054,696,2163,703,2132,779,1950,758,2047
137,576,1695,526,1636,564,1481,612,1632,512,1709,488,1662,577,1504,596,1632
138,685,2031,628,1975,692,1817,717,1938,623,2034,602,1993,707,1831,689,1934
139,608,1346,574,1303,582,1132,633,1334,532,1370,518,1332,586,1161,618,1337
140,983,2281,947,2264,962,2073,995,2186,902,2276,924,2271,974,2080,944,2174
141,1196,1783,1165,1760,1151,1605,1175,1774,1086,1778,1110,1767,1137,1608,1101,1773
142,1002,1665,953,1608,967,1486,1000,1643,904,1668,895,1619,955,1493,944,1643
143,628,1460,592,1413,604,1251,655,1441,549,1478,537,1441,605,1276,631,1443
144,853,1454,832,1405,815,1272,874,1439,757,1465,768,1426,802,1290,828,1440
145,903,1461,884,1410,864,1280,918,1444,805,1470,821,1427,851,1296,871,1444
146,1017,2017,911,1934,991,1858,1017,1957,922,2021,863,1940,992,1860,963,1956
147,640,1794,568,1721,633,1593,677,1733,568,1804,525,1746,638,1611,644,1732
148,1080,2354,1051,2347,1049,2141,1086,2250,1002,2347,1032,2349,1066,2149,1034,2238
149,914,2282,883,2257,901,2060,931,2176,842,2278,867,2264,918,2068,892,2165
150,841,2235,809,2199,836,2011,862,2127,774,2232,794,2208,854,2019,830,2117
151,1229,1097,1198,1067,1182,899,1185,1154,1107,1109,1116,1066,1148,909,1128,1151
152,1193,2364,1168,2363,1152,2156,1189,2260,1115,2358,1148,2360,1172,2162,1135,2250
153,952,1458,931,1408,912,1278,959,1441,853,1467,869,1423,899,1291,912,1441
154,998,1449,976,1403,957,1268,998,1435,899,1457,913,1416,944,1279,951,1434
155,1028,1444,1002,1401,987,1261,1022,1432,928,1450,939,1413,973,1271,974,1432
156,650,1362,615,1323,622,1143,674,1368,565,1382,554,1352,617,1168,647,1370
157,995,1397,964,1367,956,1209,989,1397,895,1406,898,1383,938,1222,942,1399
158,946,1381,915,1355,908,1188,945,1385,847,1392,849,1374,890,1204,899,1388
159,897,1376,867,1351,858,1181,901,1382,798,1389,800,1373,840,1199,855,1385
160,846,1383,817,1357,808,1188,856,1389,749,1398,749,1381,790,1208,811,1391
161,814,1398,783,1368,776,1202,829,1399,718,1413,716,1393,760,1223,785,1402
162,575,1322,542,1275,551,1107,599,1295,507,1351,491,1301,565,1138,598,1298
163,820,1444,796,1398,783,1259,843,1432,725,1457,732,1421,770,1278,798,1433
164,1214,1844,1188,1804,1167,1665,1192,1823,1108,1842,1136,1806,1159,1666,1125,1824
165,1041,1870,968,1797,1011,1693,1035,1834,942,1871,914,1805,1003,1698,973,1834
166,1086,1753,1037,1713,1054,1577,1073,1740,980,1752,980,1724,1038,1582,1004,1738
167,1144,1849,1096,1799,1103,1672,1128,1825,1039,1848,1043,1804,1094,1675,1061,1826
168,1220,1387,1191,1356,1174,1194,1188,1415,1107,1387,1124,1360,1149,1197,1126,1413
169,832,2176,792,2128,827,1965,854,2080,759,2174,769,2139,840,1973,815,2072
170,904,2229,868,2195,892,2017,922,2134,828,2225,845,2204,905,2024,877,2123
171,1080,2318,1049,2311,1048,2117,1085,2223,996,2312,1025,2315,1062,2123,1028,2212
172,689,2082,648,2035,694,1855,718,1973,635,2086,633,2050,720,1868,702,1968
173,1029,1421,998,1386,989,1236,1019,1416,929,1428,934,1399,972,1248,970,1417
174,1127,1548,1094,1516,1084,1373,1109,1555,1017,1548,1031,1525,1062,1378,1042,1555
175,1197,2329,1171,2328,1155,2133,1191,2233,1114,2322,1147,2327,1171,2137,1133,2223
176,992,2323,960,2310,970,2105,1004,2220,916,2318,942,2314,986,2113,957,2207
177,595,1816,538,1758,590,1600,632,1739,535,1827,505,1782,605,1620,613,1738
178,1116,1993,1045,1975,1080,1844,1106,1945,1017,1997,999,1979,1079,1850,1047,1946
179,1108,2006,1034,1987,1070,1861,1099,1957,1009,2010,988,1992,1069,1867,1040,1957
180,1099,2028,1024,2008,1058,1888,1093,1976,1000,2032,979,2013,1058,1893,1034,1974
181,1091,2058,1017,2037,1049,1919,1087,2000,993,2061,973,2044,1049,1924,1028,1997
182,1067,2112,997,2085,1030,1954,1068,2041,976,2112,959,2092,1034,1958,1011,2037
183,1042,1994,935,1883,1024,1826,1038,1938,948,1998,885,1888,1025,1827,985,1939
184,1026,1991,916,1875,1007,1821,1025,1936,931,1995,865,1881,1007,1822,971,1937
185,1010,1984,900,1866,991,1812,1010,1929,915,1988,848,1872,990,1814,956,1930
186,949,1949,853,1843,934,1773,956,1897,857,1953,801,1853,931,1777,901,1897
187,716,1824,636,1746,707,1632,748,1769,637,1831,588,1769,707,1646,705,1768
188,1126,1496,1095,1462,1081,1319,1106,1503,1017,1498,1032,1471,1061,1325,1044,1502
189,1092,1401,1062,1365,1046,1209,1075,1412,988,1406,995,1374,1027,1217,1023,1411
190,1055,1411,1025,1372,1013,1219,1041,1413,954,1417,959,1383,996,1229,992,1412
191,1053,1987,951,1878,1036,1819,1048,1931,960,1991,902,1883,1038,1819,995,1933
192,712,1955,636,1885,713,1754,743,1879,641,1960,599,1905,720,1767,707,1877
193,1145,1397,1114,1364,1098,1203,1122,1420,1035,1399,1047,1372,1075,1209,1063,1418
194,1028,2171,973,2141,997,1991,1034,2090,941,2168,940,2148,1005,1995,979,2083
195,1221,1561,1191,1537,1174,1389,1195,1580,1104,1558,1128,1543,1149,1391,1118,1579
196,1168,1520,1138,1492,1123,1346,1146,1535,1054,1519,1074,1500,1099,1351,1075,1534
197,1220,1508,1191,1482,1174,1335,1193,1526,1105,1506,1127,1488,1149,1338,1121,1525
198,1088,1633,1049,1594,1048,1457,1076,1630,981,1633,988,1604,1029,1462,1009,1628
199,1201,2274,1173,2272,1158,2091,1192,2186,1113,2268,1145,2273,1169,2093,1132,2178
200,1203,2203,1176,2201,1159,2036,1192,2123,1113,2198,1144,2202,1169,2038,1133,2117
201,1113,2198,1070,2188,1074,2026,1111,2118,1023,2194,1037,2192,1084,2030,1053,2111
202,907,2075,845,1992,889,1891,920,2000,821,2077,807,2002,895,1895,871,1997
203,980,1779,919,1711,951,1602,980,1745,883,1782,864,1723,942,1608,922,1745
204,962,2131,904,2074,936,1947,972,2052,876,2130,869,2082,943,1950,921,2046
205,841,1774,770,1703,820,1593,860,1736,751,1778,715,1721,813,1603,807,1736
206,925,1835,855,1760,902,1656,934,1794,832,1838,802,1773,896,1662,878,1794
207,794,1864,716,1784,785,1678,819,1812,710,1869,666,1803,782,1689,770,1811
208,1091,2265,1054,2256,1056,2077,1093,2177,1004,2259,1026,2261,1068,2080,1035,2168
209,1056,1665,1011,1617,1019,1488,1047,1652,953,1666,951,1627,1004,1494,985,1651
210,853,2117,804,2052,842,1920,873,2033,773,2116,772,2064,851,1926,828,2027
211,925,2176,879,2131,906,1978,939,2090,843,2173,850,2140,915,1983,890,2081
212,863,2009,790,1910,852,1825,880,1941,777,2012,747,1922,854,1830,830,1939
213,657,1888,582,1819,657,1683,692,1815,589,1895,544,1842,665,1698,661,1813
214,786,2016,718,1938,782,1823,812,1941,709,2019,681,1954,787,1832,768,1938
215,626,1928,568,1872,628,1711,661,1840,567,1935,541,1894,645,1728,640,1838
216,882,1910,800,1812,869,1729,896,1858,793,1914,750,1826,866,1735,844,1857
217,1090,1585,1054,1547,1049,1408,1076,1582,984,1586,992,1557,1031,1414,1013,1581
218,1097,1733,1054,1703,1062,1557,1085,1731,988,1731,995,1715,1043,1563,1011,1728
219,1064,1750,1013,1705,1033,1574,1053,1736,958,1749,954,1717,1017,1580,984,1734
220,1121,1698,1084,1672,1082,1522,1107,1704,1007,1694,1023,1683,1059,1528,1028,1702
221,1048,1361,1018,1326,1001,1150,1037,1387,942,1366,949,1338,978,1160,986,1385
222,958,1331,926,1296,912,1107,956,1368,852,1340,854,1313,887,1121,906,1366
223,878,1322,844,1286,834,1094,885,1361,774,1333,771,1308,809,1111,836,1360
224,810,1324,775,1290,769,1100,825,1360,709,1339,702,1315,747,1120,778,1359
225,761,1344,725,1310,723,1125,781,1369,665,1360,655,1337,706,1147,739,1369
226,725,1436,690,1393,693,1233,748,1427,637,1452,629,1419,686,1256,712,1429
227,568,1576,528,1522,551,1364,601,1527,502,1594,485,1549,564,1389,589,1528
228,765,1515,732,1457,732,1324,791,1494,676,1528,672,1480,724,1344,749,1495
229,824,1532,794,1473,788,1346,844,1512,731,1543,735,1493,780,1362,800,1512
230,899,1533,872,1477,861,1350,912,1512,803,1542,813,1494,851,1363,866,1512
231,971,1521,946,1470,930,1339,976,1502,873,1528,886,1483,919,1349,928,1501
232,1028,1502,1002,1456,985,1320,1023,1487,928,1508,941,1467,972,1329,973,1487
233,1068,1483,1039,1441,1023,1301,1056,1474,966,1488,977,1451,1009,1309,1005,1474
234,564,1579,531,1526,551,1355,594,1512,511,1600,497,1550,579,1380,600,1514
235,1066,1765,1012,1714,1037,1590,1056,1746,963,1765,955,1724,1023,1595,989,1744
236,1128,1595,1094,1565,1085,1420,1111,1603,1016,1594,1032,1574,1062,1426,1039,1602
237,1136,1735,1099,1713,1097,1559,1121,1738,1024,1730,1040,1724,1076,1565,1042,1736
238,1166,1762,1130,1739,1124,1585,1147,1758,1056,1757,1073,1748,1107,1589,1071,1756
239,1136,1744,1097,1720,1097,1567,1120,1742,1026,1740,1039,1730,1079,1573,1044,1740
240,1083,1782,1026,1727,1052,1608,1070,1759,981,1782,970,1736,1040,1611,1005,1758
241,1175,1767,1140,1746,1132,1590,1156,1764,1063,1762,1084,1755,1115,1595,1079,1762
242,1180,1779,1146,1754,1137,1602,1160,1770,1071,1774,1091,1762,1123,1605,1086,1768
243,1064,1442,1035,1402,1022,1257,1051,1437,964,1447,971,1413,1007,1266,1001,1436
244,1099,1454,1069,1414,1054,1270,1082,1452,996,1458,1005,1423,1038,1277,1029,1452
245,1119,1461,1088,1424,1074,1279,1099,1466,1013,1464,1024,1433,1055,1286,1043,1465
246,795,1409,762,1375,758,1213,813,1407,701,1424,697,1401,743,1235,770,1409
247,768,1393,731,1355,730,1184,789,1398,675,1408,664,1381,716,1206,747,1398
248,1267,1571,1239,1546,1219,1399,1237,1586,1152,1567,1178,1549,1197,1399,1163,1585
249,1624,1448,1604,1412,1568,1266,1539,1427,1525,1444,1556,1390,1566,1252,1505,1429
250,1260,1772,1243,1747,1208,1595,1237,1762,1153,1765,1192,1751,1198,1595,1166,1760
251,1805,1236,1804,1204,1738,1031,1697,1218,1723,1239,1750,1165,1752,1013,1706,1216
252,1461,1497,1434,1451,1409,1320,1395,1472,1362,1493,1382,1438,1401,1310,1352,1471
253,1518,1502,1491,1455,1464,1326,1444,1475,1419,1497,1441,1440,1459,1314,1403,1475
254,1570,1499,1547,1454,1515,1321,1491,1474,1473,1494,1498,1435,1512,1308,1453,1474
255,1640,1469,1627,1430,1581,1283,1554,1445,1544,1465,1581,1406,1583,1268,1524,1447
256,1414,1481,1387,1438,1362,1303,1355,1461,1313,1478,1335,1429,1353,1295,1310,1460
257,1536,1367,1517,1333,1485,1150,1463,1380,1432,1363,1462,1315,1476,1141,1424,1378
258,1476,1370,1455,1335,1424,1158,1411,1382,1371,1366,1399,1321,1413,1150,1370,1379
259,1590,1373,1575,1341,1541,1159,1509,1384,1487,1370,1523,1319,1534,1147,1474,1382
260,1627,1390,1613,1359,1577,1182,1541,1392,1526,1386,1564,1335,1573,1169,1508,1392
261,1679,1504,1671,1460,1617,1318,1591,1476,1587,1500,1625,1434,1623,1301,1566,1477
262,1400,2230,1394,2214,1340,2038,1369,2138,1319,2223,1371,2203,1360,2031,1320,2135
263,1642,1434,1627,1403,1585,1247,1556,1416,1544,1431,1579,1380,1584,1233,1525,1419
264,1820,1478,1824,1443,1747,1274,1718,1432,1745,1476,1781,1404,1773,1253,1727,1433
265,1737,1467,1730,1432,1671,1269,1644,1443,1648,1463,1685,1402,1680,1251,1628,1444
266,1486,1714,1495,1660,1426,1539,1430,1683,1389,1709,1451,1645,1429,1525,1384,1682
267,1277,1923,1279,1859,1223,1743,1248,1895,1173,1922,1230,1853,1222,1740,1187,1897
268,1266,1979,1272,1904,1210,1804,1238,1939,1164,1978,1226,1898,1213,1799,1180,1939
269,1341,1942,1371,1864,1278,1767,1304,1906,1239,1940,1326,1853,1283,1757,1249,1906
270,1382,1967,1430,1872,1310,1795,1339,1922,1283,1965,1388,1858,1320,1780,1291,1919
271,1311,1983,1339,1900,1247,1812,1277,1940,1211,1983,1295,1891,1255,1803,1225,1939
272,1348,1990,1391,1897,1276,1822,1309,1942,1250,1989,1349,1885,1286,1809,1262,1938
273,1444,2053,1485,1971,1372,1886,1398,1985,1355,2050,1450,1954,1391,1867,1358,1980
274,1263,1744,1238,1726,1212,1569,1237,1749,1148,1737,1182,1731,1195,1570,1157,1747
275,1271,1691,1245,1671,1222,1518,1244,1704,1155,1684,1186,1676,1201,1519,1163,1701
276,1716,1328,1700,1305,1658,1107,1616,1350,1616,1325,1647,1275,1655,1091,1590,1350
277,1381,1577,1366,1534,1330,1401,1334,1561,1280,1574,1314,1527,1323,1393,1284,1560
278,1380,1737,1380,1693,1316,1564,1342,1722,1276,1730,1333,1687,1312,1555,1280,1719
279,1384,1709,1384,1663,1323,1537,1345,1694,1281,1703,1335,1656,1318,1528,1285,1691
280,1652,1716,1674,1649,1583,1540,1573,1673,1561,1710,1635,1624,1596,1519,1542,1674
281,1270,1625,1243,1603,1221,1453,1241,1641,1154,1620,1182,1607,1199,1453,1163,1639
282,1589,1276,1562,1252,1545,1045,1500,1326,1480,1271,1501,1231,1530,1032,1457,1322
283,1666,1291,1644,1268,1615,1063,1570,1330,1561,1287,1587,1242,1605,1049,1535,1328
284,1765,1133,1754,1106,1703,930,1658,1141,1670,1138,1694,1069,1703,915,1653,1138
285,1342,1322,1311,1295,1304,1101,1285,1371,1228,1318,1244,1292,1281,1099,1229,1366
286,1424,1385,1402,1350,1371,1183,1365,1391,1319,1382,1346,1339,1359,1176,1323,1388
287,1486,2004,1538,1900,1406,1834,1435,1942,1396,2000,1502,1880,1424,1813,1398,1937
288,1728,1985,1744,1949,1633,1762,1657,1869,1681,1980,1732,1912,1691,1741,1675,1875
289,1338,1765,1338,1723,1275,1591,1306,1747,1235,1759,1292,1719,1272,1584,1244,1745
290,1292,1781,1286,1743,1234,1607,1265,1763,1188,1776,1238,1742,1229,1602,1201,1761
291,1425,2001,1498,1894,1344,1839,1377,1944,1331,2000,1459,1876,1360,1819,1339,1937
292,1400,1996,1467,1898,1317,1835,1355,1940,1307,1994,1428,1881,1333,1817,1317,1934
293,1697,1252,1676,1230,1644,1023,1596,1293,1593,1249,1617,1201,1636,1007,1565,1292
294,1378,1761,1386,1709,1312,1590,1341,1738,1276,1755,1340,1702,1310,1579,1282,1736
295,1483,1283,1452,1258,1446,1053,1405,1337,1371,1278,1387,1245,1427,1045,1355,1333
296,1495,1234,1464,1209,1457,1005,1415,1295,1381,1230,1396,1196,1435,997,1365,1290
297,1557,993,1534,965,1504,795,1472,1041,1441,1003,1458,942,1481,793,1437,1035
298,1730,1188,1713,1164,1674,976,1625,1212,1630,1189,1653,1133,1670,962,1606,1210
299,1521,1106,1493,1079,1475,900,1439,1159,1405,1110,1419,1061,1451,896,1395,1154
300,1748,1302,1733,1279,1688,1080,1644,1322,1651,1300,1680,1246,1688,1063,1624,1322
301,1777,1270,1768,1244,1714,1059,1670,1270,1687,1271,1714,1208,1721,1042,1665,1270
302,1273,1956,1277,1887,1218,1776,1244,1922,1169,1955,1229,1881,1219,1772,1184,1923
303,1325,1968,1354,1886,1262,1793,1289,1928,1223,1966,1310,1876,1268,1784,1235,1927
304,1365,1979,1411,1885,1294,1808,1324,1934,1266,1977,1369,1872,1304,1794,1276,1930
305,1322,1775,1324,1731,1260,1602,1292,1755,1220,1769,1277,1728,1258,1594,1231,1752
306,1412,1999,1484,1895,1330,1839,1365,1943,1318,1998,1445,1877,1346,1820,1327,1936
307,1391,2006,1447,1939,1317,1852,1347,1950,1297,2004,1408,1924,1331,1837,1305,1945
308,1395,1993,1456,1900,1311,1830,1350,1936,1302,1991,1417,1883,1327,1813,1313,1931
309,1315,1745,1303,1718,1259,1569,1285,1739,1208,1737,1253,1719,1250,1565,1216,1736
310,1336,1987,1380,1891,1263,1820,1299,1937,1240,1985,1338,1880,1274,1807,1254,1933
311,1299,1986,1327,1898,1235,1818,1267,1940,1200,1986,1284,1889,1243,1808,1216,1938
312,1257,1987,1264,1905,1201,1816,1230,1943,1157,1986,1219,1899,1206,1810,1175,1942
313,1274,2135,1272,2133,1225,1983,1251,2062,1183,2132,1239,2129,1237,1983,1196,2059
314,1273,2076,1273,2075,1225,1946,1247,2017,1176,2077,1234,2072,1233,1946,1190,2015
315,1271,2043,1271,2043,1223,1911,1244,1990,1172,2044,1230,2039,1228,1912,1187,1989
316,1268,2015,1267,2016,1216,1875,1240,1967,1168,2016,1225,2012,1221,1876,1183,1966
317,1263,1996,1261,1997,1210,1851,1235,1950,1163,1997,1218,1993,1214,1852,1179,1950
318,1345,1995,1379,1960,1276,1843,1307,1944,1249,1994,1339,1949,1286,1835,1260,1941
319,1353,2002,1390,1966,1286,1852,1314,1949,1257,2001,1350,1954,1296,1844,1267,1946
320,1364,2016,1403,1979,1300,1870,1324,1962,1269,2015,1364,1967,1312,1860,1277,1957
321,1374,2036,1413,1996,1313,1889,1333,1977,1280,2034,1376,1984,1325,1878,1286,1973
322,1430,1906,1468,1830,1358,1733,1384,1863,1333,1902,1428,1815,1368,1718,1337,1861
323,1798,1720,1811,1683,1711,1500,1707,1627,1745,1717,1786,1642,1760,1478,1734,1630
324,1369,1996,1413,1939,1292,1839,1327,1941,1275,1994,1374,1925,1305,1827,1285,1937
325,1379,1999,1431,1936,1304,1845,1336,1945,1284,1997,1392,1922,1317,1832,1294,1939
326,1276,1805,1267,1767,1221,1629,1250,1785,1171,1800,1218,1767,1215,1626,1184,1784
327,1356,1794,1369,1737,1292,1622,1322,1766,1256,1789,1324,1729,1293,1612,1265,1763
328,1283,1793,1276,1756,1226,1619,1257,1774,1179,1788,1227,1756,1221,1615,1192,1773
329,1439,1610,1429,1560,1384,1435,1383,1587,1339,1607,1381,1548,1381,1424,1336,1585
330,1529,1649,1530,1590,1470,1474,1462,1620,1432,1644,1484,1573,1472,1459,1420,1619
331,1390,1734,1396,1682,1327,1562,1350,1711,1289,1728,1350,1673,1325,1552,1293,1709
332,1687,1051,1669,1024,1630,849,1587,1081,1581,1057,1601,993,1619,839,1567,1076
333,1649,1131,1626,1107,1600,920,1551,1173,1541,1133,1558,1081,1586,909,1520,1170
334,1610,1227,1583,1204,1565,997,1516,1281,1500,1223,1519,1182,1550,985,1476,1278
335,1400,2085,1430,2037,1338,1923,1360,2014,1311,2082,1397,2023,1355,1910,1315,2011
336,1364,1247,1331,1221,1325,1024,1302,1308,1247,1244,1260,1216,1298,1022,1246,1303
337,1385,1099,1356,1069,1339,901,1322,1155,1265,1107,1278,1060,1310,903,1269,1150
338,1410,963,1384,934,1360,769,1342,1020,1288,978,1301,920,1329,774,1297,1015
339,1615,1489,1598,1446,1558,1308,1531,1463,1518,1485,1551,1424,1558,1293,1498,1465
340,1733,1544,1730,1495,1667,1357,1641,1509,1645,1539,1687,1466,1678,1337,1623,1510
341,1383,1466,1359,1426,1332,1286,1331,1451,1281,1463,1305,1418,1322,1280,1285,1450
342,1687,1401,1674,1373,1628,1198,1594,1397,1590,1397,1625,1345,1628,1183,1569,1397
343,1344,1540,1323,1503,1294,1364,1302,1533,1239,1537,1269,1499,1283,1360,1248,1532
344,1351,1715,1341,1683,1294,1541,1317,1710,1243,1707,1290,1680,1284,1535,1248,1708
345,1783,1582,1787,1534,1712,1390,1688,1537,1702,1577,1748,1501,1732,1369,1680,1538
346,1697,1583,1693,1525,1634,1402,1609,1548,1607,1578,1650,1498,1643,1382,1584,1548
347,1627,1602,1622,1540,1568,1425,1546,1571,1534,1597,1577,1517,1573,1407,1513,1571
348,1523,1592,1511,1536,1467,1414,1453,1563,1426,1587,1463,1519,1466,1401,1412,1563
349,1445,1567,1427,1518,1392,1390,1385,1543,1346,1563,1377,1506,1388,1379,1340,1541
350,1387,1539,1366,1496,1337,1362,1336,1522,1286,1536,1314,1488,1329,1355,1289,1521
351,1274,1466,1246,1436,1225,1290,1239,1480,1162,1465,1184,1437,1204,1291,1175,1479
352,1769,1698,1790,1639,1693,1509,1678,1641,1690,1692,1756,1606,1718,1486,1669,1643
353,1730,1392,1718,1365,1667,1183,1634,1390,1636,1388,1669,1335,1670,1166,1613,1390
354,1243,1772,1218,1753,1193,1595,1220,1770,1131,1765,1164,1758,1179,1597,1142,1767
355,1372,1629,1364,1585,1318,1454,1329,1613,1270,1624,1314,1578,1312,1446,1276,1611
356,1824,1476,1832,1438,1748,1263,1720,1413,1760,1476,1793,1396,1783,1241,1745,1413
357,1344,1508,1323,1469,1296,1330,1300,1500,1241,1506,1268,1464,1285,1326,1249,1499
358,1394,1738,1404,1681,1330,1566,1352,1711,1295,1734,1359,1671,1331,1555,1299,1708
359,1657,1439,1645,1406,1600,1246,1569,1421,1560,1436,1599,1381,1601,1232,1541,1423
360,1354,1681,1343,1645,1298,1508,1318,1677,1247,1675,1292,1642,1288,1502,1253,1674
361,1772,1850,1788,1813,1681,1628,1690,1744,1724,1846,1770,1773,1737,1606,1715,1749
362,1383,1444,1362,1408,1330,1264,1332,1433,1281,1442,1308,1401,1321,1259,1288,1432
363,1314,1647,1293,1620,1263,1474,1281,1654,1202,1641,1236,1620,1246,1471,1209,1652
364,1625,2113,1635,2069,1535,1909,1568,2012,1559,2106,1618,2044,1575,1893,1550,2015
365,1612,2170,1613,2139,1524,1952,1561,2054,1557,2165,1603,2112,1574,1938,1551,2058
366,1806,1711,1826,1669,1726,1506,1714,1637,1741,1706,1797,1631,1765,1484,1724,1640
367,1690,2041,1713,1999,1596,1834,1625,1940,1628,2033,1697,1968,1640,1815,1618,1944
368,1800,1366,1798,1335,1732,1160,1695,1341,1717,1365,1749,1298,1748,1141,1697,1341
369,1407,2284,1394,2273,1344,2079,1379,2184,1331,2277,1373,2262,1370,2075,1331,2181
370,1235,1784,1211,1761,1186,1606,1213,1775,1126,1778,1158,1767,1174,1607,1139,1773
371,1419,1670,1420,1618,1362,1495,1370,1645,1320,1665,1373,1607,1361,1484,1321,1644
372,1779,1478,1776,1443,1709,1277,1682,1447,1695,1473,1731,1409,1724,1257,1674,1448
373,1570,1466,1543,1423,1516,1291,1489,1443,1471,1461,1493,1405,1511,1279,1449,1443
374,1522,1471,1492,1425,1468,1298,1446,1447,1422,1466,1441,1410,1461,1286,1403,1446
375,1404,2018,1460,1945,1332,1862,1359,1959,1311,2016,1423,1930,1347,1845,1317,1953
376,1750,1808,1786,1751,1666,1615,1665,1737,1676,1800,1759,1717,1699,1591,1657,1740
377,1305,2355,1284,2353,1253,2144,1290,2249,1230,2349,1265,2345,1279,2147,1239,2242
378,1464,2286,1451,2269,1394,2067,1431,2174,1399,2280,1436,2253,1430,2062,1396,2173
379,1533,2240,1524,2214,1453,2021,1492,2125,1472,2234,1511,2193,1496,2011,1467,2127
380,1473,1467,1444,1422,1420,1293,1405,1444,1373,1463,1392,1409,1411,1283,1361,1443
381,1428,1457,1400,1415,1375,1281,1367,1438,1327,1454,1347,1404,1365,1272,1322,1436
382,1398,1451,1374,1411,1345,1272,1343,1435,1297,1448,1320,1402,1336,1266,1298,1434
383,1766,1381,1757,1352,1701,1169,1665,1374,1676,1377,1708,1319,1709,1151,1653,1374
384,1433,1406,1412,1380,1380,1221,1375,1400,1330,1404,1358,1370,1370,1216,1333,1401
385,1481,1391,1460,1370,1427,1203,1416,1388,1379,1390,1408,1357,1420,1197,1377,1390
386,1530,1388,1508,1368,1477,1199,1460,1385,1428,1386,1456,1352,1470,1191,1422,1388
387,1580,1397,1558,1376,1526,1208,1504,1392,1478,1395,1508,1357,1521,1198,1467,1395
388,1610,1412,1591,1388,1555,1224,1530,1403,1510,1409,1542,1367,1552,1213,1495,1406
389,1823,1343,1827,1309,1752,1136,1715,1303,1750,1346,1780,1267,1777,1117,1733,1302
390,1603,1457,1579,1418,1547,1280,1519,1435,1504,1453,1530,1398,1544,1266,1481,1436
391,1381,1872,1405,1806,1316,1699,1343,1835,1282,1868,1362,1795,1322,1688,1289,1834
392,1341,1756,1338,1719,1280,1581,1309,1742,1237,1749,1291,1716,1275,1574,1245,1739
393,1284,1850,1279,1803,1230,1674,1255,1826,1179,1847,1230,1800,1226,1670,1192,1826
394,1552,2181,1549,2144,1471,1976,1506,2079,1484,2175,1531,2124,1506,1963,1476,2081
395,1482,2233,1472,2208,1410,2026,1445,2132,1410,2227,1453,2192,1440,2017,1406,2131
396,1313,2320,1292,2317,1261,2121,1296,2222,1232,2313,1270,2310,1280,2121,1240,2216
397,1673,2092,1683,2058,1580,1871,1613,1974,1623,2086,1673,2026,1634,1854,1617,1979
398,1398,1428,1378,1396,1345,1247,1346,1419,1296,1426,1324,1388,1336,1242,1302,1419
399,1308,1551,1284,1521,1258,1377,1272,1556,1198,1547,1226,1520,1242,1375,1208,1555
400,1391,2326,1375,2318,1330,2111,1367,2218,1320,2320,1358,2306,1361,2110,1322,2214
401,1781,1831,1808,1790,1694,1623,1696,1743,1720,1824,1787,1752,1740,1600,1706,1747
402,1308,1995,1326,1982,1248,1846,1274,1947,1210,1995,1284,1974,1254,1844,1223,1945
403,1316,2008,1336,1995,1257,1864,1282,1958,1218,2008,1295,1987,1264,1860,1229,1957
404,1323,2030,1345,2016,1268,1891,1289,1977,1226,2029,1305,2008,1277,1887,1236,1974
405,1329,2060,1350,2045,1276,1922,1295,2001,1234,2059,1312,2038,1287,1918,1242,1998
406,1344,2114,1362,2094,1289,1958,1311,2042,1254,2111,1329,2085,1305,1952,1261,2038
407,1379,1994,1440,1893,1299,1829,1336,1941,1284,1992,1400,1878,1313,1813,1295,1936
408,1396,1991,1459,1887,1317,1824,1351,1939,1300,1989,1418,1871,1330,1807,1309,1934
409,1412,1985,1476,1879,1334,1816,1365,1933,1316,1982,1436,1861,1347,1798,1323,1927
410,1469,1952,1520,1858,1389,1780,1418,1900,1374,1948,1481,1839,1403,1761,1376,1897
411,1683,1835,1723,1773,1601,1650,1605,1773,1600,1827,1692,1744,1626,1628,1584,1774
412,1308,1499,1283,1467,1260,1323,1270,1504,1200,1497,1225,1466,1244,1322,1211,1503
413,1340,1407,1317,1371,1293,1216,1292,1414,1234,1405,1258,1367,1278,1214,1243,1412
414,1374,1417,1352,1381,1323,1228,1324,1415,1270,1415,1297,1374,1311,1224,1278,1414
415,1368,1987,1424,1888,1287,1822,1326,1934,1273,1986,1384,1874,1301,1806,1286,1929
416,1677,1965,1714,1910,1586,1771,1607,1882,1603,1957,1692,1880,1621,1750,1591,1885
417,1292,1400,1266,1368,1246,1207,1250,1421,1182,1398,1203,1367,1226,1207,1194,1419
418,1375,2173,1380,2149,1318,1996,1343,2090,1290,2167,1352,2139,1335,1989,1294,2087
419,1271,1521,1243,1494,1223,1349,1238,1536,1158,1518,1181,1497,1201,1349,1169,1535
420,1341,1636,1327,1600,1289,1462,1304,1631,1235,1631,1274,1596,1278,1457,1242,1629
421,1292,2199,1282,2193,1242,2029,1270,2117,1204,2194,1253,2188,1255,2027,1215,2113
422,1497,2079,1515,2007,1423,1900,1450,2002,1414,2075,1485,1988,1445,1882,1412,2001
423,1439,1783,1453,1722,1375,1610,1392,1748,1342,1778,1411,1709,1380,1597,1344,1746
424,1441,2134,1452,2086,1377,1954,1401,2052,1358,2129,1424,2071,1397,1941,1358,2050
425,1572,1782,1597,1722,1501,1606,1506,1740,1478,1775,1558,1702,1513,1589,1467,1740
426,1492,1840,1516,1775,1421,1666,1438,1797,1397,1834,1476,1758,1431,1650,1394,1796
427,1612,1872,1646,1806,1530,1693,1543,1815,1524,1865,1613,1782,1550,1673,1512,1816
428,1309,2267,1293,2262,1257,2080,1289,2176,1224,2260,1267,2256,1272,2078,1232,2171
429,1369,1669,1364,1624,1313,1495,1328,1653,1267,1664,1315,1618,1308,1487,1272,1652
430,1541,2122,1547,2067,1463,1931,1492,2033,1465,2116,1523,2048,1492,1915,1458,2034
431,1471,2180,1469,2143,1403,1986,1431,2089,1393,2174,1446,2128,1427,1975,1390,2088
432,1544,2014,1573,1927,1462,1835,1488,1944,1458,2008,1541,1905,1485,1815,1454,1943
433,1728,1900,1767,1847,1638,1702,1650,1818,1657,1892,1745,1814,1676,1680,1642,1821
434,1609,2024,1635,1958,1523,1836,1548,1943,1531,2017,1610,1934,1553,1817,1521,1944
435,1747,1940,1773,1901,1655,1731,1671,1843,1687,1933,1756,1866,1703,1709,1676,1847
436,1531,1915,1568,1830,1451,1740,1473,1861,1439,1910,1532,1809,1467,1720,1435,1860
437,1339,1589,1323,1553,1288,1414,1300,1583,1234,1585,1269,1549,1277,1409,1242,1582
438,1333,1737,1322,1709,1276,1561,1301,1732,1225,1729,1272,1708,1267,1557,1231,1729
439,1363,1753,1363,1712,1300,1580,1328,1738,1259,1746,1316,1707,1296,1571,1265,1735
440,1314,1700,1295,1677,1261,1526,1283,1705,1202,1692,1240,1678,1245,1523,1208,1703
441,1386,1367,1361,1334,1342,1159,1327,1389,1278,1365,1301,1327,1326,1155,1279,1385
442,1477,1341,1452,1309,1432,1121,1406,1371,1370,1337,1393,1296,1418,1113,1362,1367
443,1556,1335,1534,1304,1510,1113,1476,1364,1450,1330,1477,1285,1498,1102,1435,1361
444,1622,1340,1603,1312,1572,1122,1534,1364,1517,1336,1549,1289,1563,1109,1498,1362
445,1666,1361,1651,1334,1612,1149,1574,1373,1565,1357,1601,1308,1608,1135,1543,1373
446,1692,1452,1681,1418,1630,1257,1602,1432,1599,1448,1635,1391,1635,1241,1579,1433
447,1822,1594,1831,1555,1745,1390,1723,1533,1752,1590,1795,1517,1777,1368,1733,1535
448,1651,1528,1639,1479,1591,1345,1565,1499,1557,1523,1594,1456,1595,1329,1535,1499
449,1594,1543,1578,1492,1537,1364,1514,1516,1499,1539,1531,1472,1539,1349,1480,1516
450,1522,1543,1501,1493,1467,1366,1450,1516,1425,1539,1452,1477,1465,1353,1410,1515
451,1452,1529,1428,1483,1399,1351,1388,1504,1353,1525,1377,1470,1394,1341,1345,1503
452,1397,1509,1373,1466,1347,1330,1343,1490,1297,1506,1321,1457,1339,1323,1297,1489
453,1360,1489,1337,1449,1310,1310,1311,1476,1257,1486,1283,1443,1300,1304,1264,1475
454,1812,1598,1822,1559,1730,1381,1714,1518,1754,1596,1790,1517,1772,1359,1741,1520
455,1359,1768,1363,1721,1294,1595,1325,1748,1256,1762,1317,1715,1291,1586,1263,1745
456,1308,1598,1285,1569,1258,1424,1273,1604,1196,1593,1227,1569,1241,1422,1205,1603
457,1298,1737,1279,1717,1244,1562,1270,1739,1187,1729,1225,1720,1230,1560,1194,1736
458,1266,1763,1246,1742,1214,1587,1241,1758,1157,1756,1194,1746,1202,1587,1168,1756
459,1296,1746,1279,1724,1242,1570,1268,1743,1187,1738,1228,1726,1230,1568,1195,1741
460,1341,1784,1349,1734,1277,1612,1309,1760,1239,1779,1303,1728,1276,1603,1249,1758
461,1258,1768,1236,1748,1207,1592,1234,1765,1147,1761,1183,1753,1194,1592,1158,1763
462,1250,1780,1230,1756,1199,1603,1227,1770,1142,1774,1178,1761,1188,1603,1155,1768
463,1364,1448,1341,1411,1312,1266,1315,1439,1260,1446,1287,1404,1301,1262,1269,1438
464,1330,1458,1308,1421,1282,1277,1286,1455,1226,1457,1253,1417,1269,1274,1237,1453
465,1313,1465,1290,1430,1265,1285,1272,1467,1207,1463,1233,1427,1251,1283,1219,1466
466,1628,1424,1611,1397,1572,1236,1545,1411,1528,1421,1563,1374,1570,1224,1512,1413
467,1655,1408,1642,1378,1600,1207,1566,1401,1556,1405,1595,1353,1599,1193,1537,1402
